	sample	ploidy	k	min_hom	max_hom	min_het	max_het	min_hap_len	max_hap_len	min_rep_len	max_rep_len	min_uniq_len	max_uniq_len	min_model_fit	max_model_fit	min_read_error_rate	max_read_error_rate	reads_pairs_raw	nucleotides_raw	reads_pairs_trimmed	nucleotides_trimmed	reads_unpaired_trimmed	nucleotides_unpaired_trimmed
0	Chelophyes-appendiculata	2	21	94.7557	94.9217	5.07833	5.24429	1192906318	1200927007	678869599	683434083	514036719	517492924	53.154	94.9817	0.312958	0.312958	353402974	106727698148	353189080	104714482788	3256	298858
1	Cordagalma-ordinatum	2	21	94.6212	94.7569	5.24306	5.37875	683421508	688605197	346928684	349560105	336492825	339045092	56.7627	95.8767	0.329094	0.329094	151311569	45696093838	150794177	43829975721	5014	296138
2	Nanomia-bijuga-Atlantic	2	21	95.928	95.9868	4.0132	4.07202	710501820	712720761	316527936	317516472	393973884	395204288	66.4535	95.8843	0.240616	0.240616	313143022	94569192644	312831667	92498995049	2851	236309
3	Nanomia-Pacific	2	21	99.239	99.4211	0.578924	0.761045	1443866966	1453683475	913990754	920204760	529876212	533478715	42.6056	96.8583	0.453108	0.453108	290181437	87634793974	290026422	86474099796	3051	223772
4	Physalia-physalis-Pacific	2	21	96.9207	97.0178	2.98223	3.07934	1714267979	1737153289	1139898491	1155116024	574369489	582037265	42.674	96.2614	0.363213	0.363213	670929213	202620622326	663882135	185354699070	97535	5199706
5	Agalma-elegans-Pacific	2	21	97.1365	97.2457	2.75433	2.86351	2425375520	2465767666	1450612072	1474770530	974763448	990997135	51.2421	97.2294	0.259204	0.259204	1036210467	312935561034	1034742285	308165191310	18910	1550457
6	Gymnopraia-lapislazula	2	21	93.9938	95.4151	4.58495	6.00621	1736327603	1806836303	1515900182	1577457776	220427422	229378527	19.7519	81.6167	0.932043	0.932043	881181011	266116665322	878094696	256146814917	34974	2642225
7	Resomia-ornicephala-T898-D2	2	21	98.9335	100.0	0.0	1.06652	1592146648	2160305927	960198528	1302846427	631948120	857459500	48.4959	93.725	0.417811	0.417811	572564997	172914629094	566160186	156551053421	50086	3180266
